Date,Starting_Inv_Amount,Ending_Inv_Amount,Rough_Volume
2015-01-01,911.62,931.5,48475
2015-01-02,919.0,942.5,154493
2015-01-05,936.15,963.47,172236
2015-01-06,925.0,955.0,114142
2015-01-07,945.97,1004.45,473737
2015-01-08,981.2,1008.5,226447
2015-01-09,963.52,989.9,241537
2015-01-12,961.0,987.5,138391
2015-01-13,962.75,985.0,231848
2015-01-14,966.5,987.5,329106
2015-01-15,960.5,1000.0,190902
2015-01-16,958.5,979.92,197901
2015-01-19,948.25,971.0,140438
2015-01-20,955.0,970.95,129237
2015-01-21,948.0,967.5,135299
2015-01-22,948.12,962.45,143831
2015-01-23,953.0,963.5,230051
2015-01-27,952.5,970.0,113739
2015-01-28,952.5,960.2,227760
2015-01-29,950.05,962.45,88687
2015-01-30,937.55,957.5,100300
2015-02-02,944.5,955.6,162006
2015-02-03,955.32,969.0,240081
2015-02-04,940.6,981.85,340145
2015-02-05,923.12,953.25,153241
2015-02-06,928.55,943.6,251003
2015-02-09,932.0,957.95,343053
2015-02-10,950.97,969.5,179871
2015-02-11,953.0,968.5,195027
2015-02-12,962.5,987.5,534151
2015-02-13,950.0,1020.0,322463
2015-02-16,1000.0,1022.5,281729
2015-02-18,1004.1,1042.5,147738
2015-02-19,1025.0,1049.97,132525
2015-02-20,1022.5,1058.5,166433
2015-02-23,1022.5,1050.0,187173
2015-02-24,1025.5,1044.0,89086
2015-02-25,1022.5,1041.47,177607
2015-02-26,1016.97,1049.17,172743
2015-02-27,1024.32,1053.5,259758
2015-03-02,1028.12,1081.47,390979
2015-03-03,1060.0,1094.5,373909
2015-03-04,1072.02,1097.5,227500
2015-03-05,1077.5,1123.0,405278
2015-03-09,1077.87,1105.5,179452
2015-03-10,1058.25,1106.09,156789
2015-03-11,1070.0,1100.5,99255
2015-03-12,1079.55,1107.5,252424
2015-03-13,1071.09,1108.32,109240
2015-03-16,1062.52,1084.9,72911
2015-03-17,1077.5,1109.4,210959
2015-03-18,1092.5,1125.0,247249
2015-03-19,1075.0,1119.84,162998
2015-03-20,1040.17,1119.5,557787
2015-03-23,1040.5,1069.5,50567
2015-03-24,1052.5,1079.12,103673
2015-03-25,1052.9,1085.0,125959
2015-03-26,1072.5,1105.0,155962
2015-03-27,1040.0,1104.0,175022
2015-03-30,1055.0,1087.52,154249
2015-03-31,1075.0,1087.0,94462
2015-04-01,1070.67,1107.65,245908
2015-04-06,1080.05,1110.0,158584
2015-04-07,1089.87,1149.5,158628
2015-04-08,1126.2,1149.75,138615
2015-04-09,1110.9,1149.52,164822
2015-04-10,1130.0,1145.25,153299
2015-04-13,1134.77,1160.0,277352
2015-04-15,1158.0,1188.9,207468
2015-04-16,1145.12,1187.5,161860
2015-04-17,1147.5,1164.0,113874
2015-04-20,1075.0,1165.0,262487
2015-04-21,1017.75,1094.84,238696
2015-04-22,1023.25,1059.97,283304
2015-04-23,1036.25,1081.0,160707
2015-04-24,1057.82,1090.92,191441
2015-04-27,1003.25,1072.5,96251
2015-04-28,1023.27,1065.0,157869
2015-04-29,1042.5,1084.22,100540
2015-04-30,1074.5,1107.5,151288
2015-05-04,1101.0,1130.0,59994
2015-05-05,1124.95,1187.2,86370
2015-05-06,1117.55,1202.5,224146
2015-05-07,1095.32,1144.9,111302
2015-05-08,1098.34,1149.0,93674
2015-05-11,1104.57,1149.5,152610
2015-05-12,1124.0,1142.5,51633
2015-05-13,1127.05,1155.0,95546
2015-05-14,1118.0,1157.5,51175
2015-05-15,1125.52,1150.0,95910
2015-05-18,1130.22,1150.0,52922
2015-05-19,1148.0,1169.47,78799
2015-05-20,1160.07,1181.55,257355
2015-05-21,1136.0,1188.65,163160
2015-05-22,1187.5,1277.32,785651
2015-05-25,1220.0,1264.45,244821
2015-05-26,1245.0,1274.5,130310
2015-05-27,1250.0,1299.0,282218
2015-05-28,1294.0,1334.0,489328
2015-05-29,1260.0,1343.0,453938
2015-06-01,1252.34,1302.5,187562
2015-06-02,1250.55,1298.25,118697
2015-06-03,1212.0,1266.0,185017
2015-06-04,1255.0,1297.4,220648
2015-06-05,1292.5,1362.5,466245
2015-06-08,1314.5,1372.0,235541
2015-06-09,1288.3,1357.85,302803
2015-06-10,1290.25,1323.5,165273
2015-06-11,1292.84,1325.95,223086
2015-06-12,1297.4,1315.0,151819
2015-06-15,1291.42,1321.5,125831
2015-06-16,1294.3,1318.92,152788
2015-06-17,1306.0,1390.95,395483
2015-06-18,1335.0,1387.35,221116
2015-06-19,1340.7,1373.02,167490
2015-06-22,1350.37,1398.87,213028
2015-06-23,1365.0,1405.0,177377
2015-06-24,1340.0,1375.87,153334
2015-06-25,1335.0,1354.3,131418
2015-06-26,1333.57,1376.0,142470
2015-06-29,1325.0,1364.35,121270
2015-06-30,1352.5,1391.82,222105
2015-07-01,1360.0,1396.0,197962
2015-07-02,1366.0,1385.5,151472
2015-07-03,1374.5,1394.8,157813
2015-07-06,1360.5,1413.5,276898
2015-07-07,1384.5,1414.8,155646
2015-07-08,1382.5,1404.25,154621
2015-07-09,1396.2,1415.0,152398
2015-07-10,1412.77,1427.5,144585
2015-07-13,1414.0,1432.5,104508
2015-07-14,1409.75,1428.5,94928
2015-07-15,1411.55,1425.5,69813
2015-07-16,1416.0,1428.0,106415
2015-07-17,1418.4,1462.0,159025
2015-07-20,1437.0,1450.0,208641
2015-07-21,1423.45,1448.5,226669
2015-07-22,1424.97,1438.9,173813
2015-07-23,1420.85,1448.5,104695
2015-07-24,1408.55,1456.85,149943
2015-07-27,1437.02,1478.5,247157
2015-07-28,1470.6,1501.95,236248
2015-07-29,1476.0,1504.5,128402
2015-07-30,1480.62,1542.45,206152
2015-07-31,1540.0,1622.75,448524
2015-08-03,1537.5,1591.9,185176
2015-08-04,1566.5,1617.5,890842
2015-08-05,1573.65,1614.1,327322
2015-08-06,1548.0,1592.5,224934
2015-08-07,1572.75,1613.82,336878
2015-08-10,1603.97,1672.5,647186
2015-08-11,1655.0,1692.5,444165
2015-08-12,1650.0,1692.2,306511
2015-08-13,1665.05,1717.1,360069
2015-08-14,1635.95,1691.05,352636
2015-08-17,1642.62,1668.45,182745
2015-08-18,1648.0,1669.9,93263
2015-08-19,1643.15,1674.2,103156
2015-08-20,1607.5,1651.65,138291
2015-08-21,1562.5,1608.45,163612
2015-08-24,1471.0,1574.5,409391
2015-08-25,1395.0,1524.47,416519
2015-08-26,1430.05,1517.07,262933
2015-08-27,1445.25,1499.5,329962
2015-08-28,1475.0,1525.0,250718
2015-08-31,1451.25,1491.1,123717
2015-09-01,1440.0,1485.0,219198
2015-09-02,1462.92,1507.5,217145
2015-09-03,1498.0,1541.2,280431
2015-09-04,1470.37,1508.45,144539
2015-09-07,1444.0,1505.6,131566
2015-09-08,1382.5,1467.7,198245
2015-09-09,1422.5,1457.2,141054
2015-09-10,1400.0,1448.0,135301
2015-09-11,1435.4,1488.25,162951
2015-09-14,1480.0,1513.35,163708
2015-09-15,1500.0,1543.0,269267
2015-09-16,1499.12,1572.5,283633
2015-09-18,1494.5,1525.0,153779
2015-09-21,1476.0,1506.0,106150
2015-09-22,1440.5,1515.25,232914
2015-09-23,1425.0,1459.05,184405
2015-09-24,1432.5,1459.9,222715
2015-09-28,1442.8,1475.0,126852
2015-09-29,1425.05,1491.9,194579
2015-09-30,1492.5,1557.0,305566
2015-10-01,1550.5,1574.9,240735
2015-10-05,1571.87,1614.5,321031
2015-10-06,1606.82,1634.97,189776
2015-10-07,1608.3,1650.0,169881
2015-10-08,1605.62,1641.87,107766
2015-10-09,1605.7,1648.85,76508
2015-10-12,1578.32,1629.0,109363
2015-10-13,1541.75,1597.42,210362
2015-10-14,1549.32,1599.67,139827
2015-10-15,1575.62,1599.62,100898
2015-10-16,1586.65,1624.0,183919
2015-10-19,1620.05,1655.3,355967
2015-10-20,1637.97,1663.22,211592
2015-10-21,1638.0,1656.2,177709
2015-10-23,1619.15,1650.0,99978
2015-10-26,1592.87,1625.0,148981
2015-10-27,1587.8,1619.2,154223
2015-10-28,1572.5,1612.0,152205
2015-10-29,1586.2,1610.0,185408
2015-10-30,1586.62,1627.7,155243
2015-11-02,1580.17,1619.5,144168
2015-11-03,1581.0,1611.0,98752
2015-11-04,1576.9,1598.15,109525
2015-11-05,1577.85,1610.0,115732
2015-11-06,1542.75,1611.77,124278
2015-11-09,1517.5,1572.5,300656
2015-11-10,1508.05,1548.0,150885
2015-11-11,1518.5,1534.65,26203
2015-11-13,1450.7,1519.5,274379
2015-11-16,1414.5,1450.0,342923
2015-11-17,1426.5,1451.42,181064
2015-11-18,1422.47,1453.4,157921
2015-11-19,1432.5,1477.0,158561
2015-11-20,1473.02,1504.5,141129
2015-11-23,1486.0,1498.37,80997
2015-11-24,1456.87,1492.5,155903
2015-11-26,1441.27,1495.95,247802
2015-11-27,1448.25,1469.0,101281
2015-11-30,1447.5,1472.5,116434
2015-12-01,1451.52,1492.5,162396
2015-12-02,1471.02,1492.0,53714
2015-12-03,1463.25,1489.72,71608
2015-12-04,1457.0,1478.95,74566
2015-12-07,1436.42,1467.97,109332
2015-12-08,1427.55,1454.65,120918
2015-12-09,1393.0,1435.7,122825
2015-12-10,1360.52,1444.85,289315
2015-12-11,1381.75,1440.45,222672
2015-12-14,1372.4,1423.5,150517
2015-12-15,1411.57,1443.0,114125
2015-12-16,1404.02,1447.5,145469
2015-12-17,1405.5,1459.5,166691
2015-12-18,1438.97,1474.25,159472
2015-12-21,1441.0,1475.0,105850
2015-12-22,1455.85,1481.5,98354
2015-12-23,1444.27,1473.25,96854
2015-12-24,1440.45,1464.0,81972
2015-12-28,1449.75,1462.5,87245
2015-12-29,1455.0,1492.75,156761
2015-12-30,1480.77,1498.0,84820
2015-12-31,1474.02,1506.5,480318
2016-01-01,1481.2,1501.67,64743
2016-01-04,1476.0,1502.22,126807
2016-01-05,1475.15,1496.27,114250
2016-01-06,1476.5,1503.0,133638
2016-01-07,1455.52,1497.42,149400
2016-01-08,1440.95,1484.0,166706
2016-01-11,1420.57,1464.5,132406
2016-01-12,1450.5,1493.7,178684
2016-01-13,1433.27,1480.72,254606
2016-01-14,1420.55,1457.5,139762
2016-01-15,1425.25,1467.0,133306
2016-01-18,1372.8,1435.0,211205
2016-01-19,1361.52,1380.07,148252
2016-01-20,1302.5,1360.0,273774
2016-01-21,1302.67,1364.52,254792
2016-01-22,1301.2,1330.0,272098
2016-01-25,1294.37,1324.5,248600
2016-01-27,1300.45,1327.5,456258
2016-01-28,1321.77,1348.97,350357
2016-01-29,1338.5,1348.5,194510
2016-02-01,1349.62,1407.5,348328
2016-02-02,1385.55,1437.75,321152
2016-02-03,1363.27,1427.4,250205
2016-02-04,1407.5,1439.85,381254
2016-02-05,1407.5,1435.97,259404
2016-02-08,1421.92,1476.67,194431
2016-02-09,1380.0,1445.0,249385
2016-02-10,1343.85,1435.0,343711
2016-02-11,1305.55,1364.87,291676
2016-02-12,1252.52,1328.95,356924
2016-02-15,1286.0,1355.0,355255
2016-02-16,1305.25,1345.0,157689
2016-02-17,1272.6,1331.5,127303
2016-02-18,1334.2,1383.82,195078
2016-02-19,1352.77,1381.5,127134
2016-02-22,1354.5,1400.5,352002
2016-02-23,1387.5,1409.0,165587
2016-02-24,1368.3,1403.95,209736
2016-02-25,1336.12,1386.85,221100
2016-02-26,1337.05,1365.25,215553
2016-02-29,1320.0,1414.0,182463
2016-03-01,1378.0,1422.5,164771
2016-03-02,1422.15,1457.25,160110
2016-03-03,1416.0,1446.4,129406
2016-03-04,1421.0,1438.47,86331
2016-03-08,1375.0,1442.42,191076
2016-03-09,1392.5,1428.0,153683
2016-03-10,1400.0,1429.0,147057
2016-03-11,1404.5,1423.22,71593
2016-03-14,1407.5,1430.0,112359
2016-03-15,1375.47,1410.92,76969
2016-03-16,1337.07,1378.0,239753
2016-03-17,1344.0,1370.05,134153
2016-03-18,1335.12,1357.5,120847
2016-03-21,1345.5,1374.5,99413
2016-03-22,1362.5,1389.95,120806
2016-03-23,1352.65,1381.05,108483
2016-03-28,1300.62,1380.0,282168
2016-03-29,1259.52,1312.5,195997
2016-03-30,1295.07,1324.5,261677
2016-03-31,1307.75,1352.45,346463
2016-04-01,1330.75,1358.95,176535
2016-04-04,1325.0,1351.77,184402
2016-04-05,1303.57,1328.12,214101
2016-04-06,1320.67,1361.97,483650
2016-04-07,1339.55,1360.52,102107
2016-04-08,1340.55,1357.75,138356
2016-04-11,1322.5,1353.82,215022
2016-04-12,1325.1,1369.2,352945
2016-04-13,1354.3,1392.5,260415
2016-04-18,1385.25,1428.0,308621
2016-04-20,1413.75,1443.92,313444
2016-04-21,1390.0,1435.0,177687
2016-04-22,1394.37,1415.0,144872
2016-04-25,1400.0,1418.5,171257
2016-04-26,1398.1,1424.0,135789
2016-04-27,1415.3,1437.97,167434
2016-04-28,1406.0,1459.0,404375
2016-04-29,1413.0,1448.0,141294
2016-05-02,1417.5,1435.97,74322
2016-05-03,1417.5,1449.95,219946
2016-05-04,1401.97,1428.95,114460
2016-05-05,1405.05,1426.0,56570
2016-05-06,1406.0,1423.5,63781
2016-05-09,1400.0,1419.5,280226
2016-05-10,1407.55,1431.5,115699
2016-05-11,1395.47,1429.45,98098
2016-05-12,1420.0,1475.0,259637
2016-05-13,1462.8,1488.5,269724
2016-05-16,1451.6,1489.47,146248
2016-05-17,1471.1,1508.95,235671
2016-05-18,1484.0,1502.0,181320
2016-05-19,1488.05,1507.5,156746
2016-05-20,1455.0,1517.52,202237
2016-05-23,1330.5,1425.0,760904
2016-05-24,1305.0,1375.0,562839
2016-05-25,1328.75,1382.5,354194
2016-05-26,1364.02,1397.5,359669
2016-05-27,1350.55,1380.92,513071
2016-05-30,1360.0,1379.0,110941
2016-05-31,1345.47,1379.5,274383
2016-06-01,1362.6,1396.2,480961
2016-06-02,1380.27,1411.15,186240
2016-06-03,1378.02,1402.3,166817
2016-06-06,1367.57,1394.25,102027
2016-06-07,1388.5,1405.0,401524
2016-06-08,1380.02,1403.5,130460
2016-06-09,1376.02,1397.75,197487
2016-06-10,1362.02,1387.0,92005
2016-06-13,1330.0,1358.0,111051
2016-06-14,1333.75,1348.25,108272
2016-06-15,1335.62,1349.5,109909
2016-06-16,1336.02,1348.1,100521
2016-06-17,1318.4,1349.25,285241
2016-06-20,1293.75,1316.0,180631
2016-06-21,1280.15,1303.5,458788
2016-06-22,1280.55,1310.0,293758
2016-06-23,1304.65,1321.0,163373
2016-06-24,1259.55,1322.2,147592
2016-06-27,1312.65,1347.97,170256
2016-06-28,1340.02,1376.8,223088
2016-06-29,1353.37,1389.05,140375
2016-06-30,1365.5,1394.72,372372
2016-07-01,1375.77,1408.55,216924
2016-07-04,1408.17,1425.0,146966
2016-07-05,1405.0,1430.0,75546
2016-07-07,1401.0,1420.0,126505
2016-07-08,1396.2,1418.0,95700
2016-07-11,1408.8,1434.22,178785
2016-07-12,1421.87,1454.27,174488
2016-07-13,1414.95,1442.9,129355
2016-07-14,1427.47,1446.5,131591
2016-07-15,1405.6,1438.32,100772
2016-07-18,1404.47,1424.35,96589
2016-07-19,1376.67,1413.97,231271
2016-07-20,1380.0,1409.0,88792
2016-07-21,1395.0,1420.0,145937
2016-07-22,1404.0,1427.97,179569
2016-07-25,1415.15,1436.85,119472
2016-07-26,1405.5,1428.3,142849
2016-07-27,1397.5,1424.0,105203
2016-07-28,1405.1,1447.0,244070
2016-07-29,1421.55,1472.1,215670
2016-08-01,1425.5,1496.95,171339
2016-08-02,1435.85,1456.0,92730
2016-08-03,1410.02,1449.0,181855
2016-08-04,1405.97,1446.5,197730
2016-08-05,1424.47,1450.4,123026
2016-08-08,1440.05,1658.62,1582123
2016-08-09,1544.1,1586.0,396296
2016-08-10,1530.1,1565.82,170822
2016-08-11,1557.4,1638.5,763245
2016-08-12,1594.22,1657.5,357031
2016-08-16,1625.0,1670.0,169085
2016-08-17,1632.5,1679.12,262308
2016-08-18,1652.52,1685.0,152396
2016-08-19,1658.25,1685.0,121619
2016-08-22,1672.12,1696.45,160043
2016-08-23,1670.0,1689.0,74202
2016-08-24,1670.0,1742.0,341848
2016-08-25,1721.57,1749.5,371339
2016-08-26,1696.02,1742.35,143907
2016-08-29,1695.0,1724.5,73915
2016-08-30,1705.0,1736.0,74605
2016-08-31,1710.0,1742.97,144795
2016-09-01,1700.1,1733.0,88727
2016-09-02,1671.0,1718.47,145660
2016-09-06,1672.17,1732.0,175362
2016-09-07,1701.0,1751.75,199582
2016-09-08,1725.0,1744.22,107919
2016-09-09,1722.5,1750.0,76868
2016-09-12,1685.0,1724.95,117660
2016-09-14,1713.42,1775.0,218764
2016-09-15,1762.5,1792.12,153247
2016-09-16,1726.7,1781.0,156301
2016-09-19,1700.0,1743.0,174082
2016-09-20,1699.5,1725.47,147744
2016-09-21,1678.6,1722.5,181719
2016-09-22,1688.02,1717.5,249683
2016-09-23,1687.9,1730.0,162504
2016-09-26,1698.42,1724.57,155740
2016-09-27,1705.92,1728.0,87324
2016-09-28,1695.45,1728.0,126163
2016-09-29,1599.85,1717.5,168170
2016-09-30,1625.02,1693.65,120206
2016-10-03,1690.0,1761.0,129680
2016-10-04,1718.12,1742.5,92818
2016-10-05,1720.25,1753.0,206313
2016-10-06,1720.9,1748.97,59465
2016-10-07,1689.92,1737.5,168780
2016-10-10,1685.3,1705.37,54748
2016-10-13,1644.5,1684.5,161322
2016-10-14,1647.5,1677.0,70676
2016-10-17,1643.82,1667.72,108441
2016-10-18,1622.5,1660.3,139269
2016-10-19,1640.0,1675.0,173746
2016-10-20,1650.5,1677.5,121382
2016-10-21,1652.25,1672.5,63515
2016-10-24,1635.15,1664.77,73215
2016-10-25,1639.97,1661.32,91094
2016-10-26,1625.35,1654.42,87960
2016-10-27,1597.5,1634.57,217025
2016-10-28,1615.87,1664.5,107954
2016-10-30,1650.57,1664.0,12617
2016-11-01,1633.97,1670.0,128594
2016-11-02,1635.5,1656.97,118002
2016-11-03,1626.02,1662.75,129160
2016-11-04,1611.0,1690.0,227573
2016-11-07,1642.5,1674.0,210916
2016-11-08,1607.77,1650.85,453378
2016-11-09,1464.5,1595.85,225840
2016-11-10,1584.62,1620.92,137274
2016-11-11,1515.25,1594.92,216039
2016-11-15,1390.6,1532.0,579245
2016-11-16,1463.17,1530.0,235149
2016-11-17,1460.0,1510.0,202752
2016-11-18,1435.52,1462.5,290700
2016-11-21,1438.05,1464.07,91182
2016-11-22,1425.97,1460.0,177238
2016-11-23,1447.5,1488.0,129498
2016-11-24,1458.0,1494.0,155070
2016-11-25,1460.52,1487.22,87882
2016-11-28,1464.07,1495.55,89016
2016-11-29,1486.0,1519.2,104156
2016-11-30,1475.6,1536.97,237369
2016-12-01,1498.0,1531.97,94489
2016-12-02,1482.42,1507.5,169703
2016-12-05,1490.0,1541.4,108580
2016-12-06,1498.55,1537.0,89657
2016-12-07,1491.0,1522.3,117622
2016-12-08,1500.5,1534.0,84693
2016-12-09,1510.55,1531.4,317721
2016-12-12,1485.05,1514.25,137358
2016-12-13,1462.47,1498.92,192044
2016-12-14,1467.5,1484.0,116887
2016-12-15,1453.75,1477.0,108279
2016-12-16,1440.95,1469.07,194080
2016-12-19,1432.75,1457.37,110005
2016-12-20,1433.0,1454.9,200544
2016-12-21,1413.9,1449.5,200871
2016-12-22,1399.92,1424.62,92589
2016-12-23,1386.42,1420.57,91370
2016-12-26,1390.0,1415.7,68000
2016-12-27,1390.77,1428.42,78676
2016-12-28,1415.0,1444.0,123554
2016-12-29,1414.45,1449.0,90143
2016-12-30,1435.0,1461.0,110334
2017-01-02,1432.57,1450.55,52245
2017-01-03,1425.6,1445.0,127593
2017-01-04,1415.22,1445.0,136679
2017-01-05,1426.3,1437.5,116334
2017-01-06,1422.9,1457.5,397718
2017-01-09,1437.77,1461.15,172178
2017-01-10,1437.97,1451.5,273058
2017-01-11,1442.5,1492.5,345861
2017-01-12,1459.2,1497.47,130051
2017-01-13,1462.5,1492.5,104329
2017-01-16,1461.5,1489.9,106505
2017-01-17,1477.55,1510.1,164751
2017-01-18,1507.45,1549.35,269613
2017-01-19,1533.37,1577.5,257575
2017-01-20,1532.05,1567.55,112993
2017-01-23,1532.6,1557.5,72041
2017-01-24,1540.82,1575.25,151846
2017-01-25,1549.0,1574.0,95008
2017-01-27,1545.5,1581.0,134715
2017-01-30,1550.1,1575.7,130271
2017-01-31,1554.5,1575.0,154940
2017-02-01,1556.37,1624.9,211287
2017-02-02,1594.85,1627.32,230894
2017-02-03,1605.0,1636.92,135664
2017-02-06,1615.42,1647.2,134152
2017-02-07,1605.0,1645.0,113826
2017-02-08,1596.02,1633.1,129082
2017-02-09,1602.65,1627.32,112759
2017-02-10,1611.62,1635.0,211103
2017-02-13,1611.05,1648.0,201954
2017-02-14,1605.1,1640.0,188420
2017-02-15,1585.5,1621.5,136342
2017-02-16,1591.37,1619.2,79944
2017-02-17,1602.77,1627.4,157429
2017-02-20,1618.02,1633.62,57135
2017-02-21,1607.6,1637.75,98066
2017-02-22,1613.42,1632.0,115265
2017-02-23,1606.77,1639.47,210424
2017-02-27,1609.42,1634.45,130537
2017-02-28,1606.15,1629.5,95954
2017-03-01,1587.5,1629.97,101905
2017-03-02,1551.35,1608.75,190960
2017-03-03,1533.22,1572.85,233042
2017-03-06,1529.7,1558.22,159500
2017-03-07,1527.6,1552.5,183626
2017-03-08,1522.65,1554.0,263476
2017-03-09,1531.5,1549.95,112214
2017-03-10,1538.5,1565.5,137490
2017-03-14,1568.22,1595.27,133633
2017-03-15,1567.75,1600.0,112104
2017-03-16,1598.17,1619.1,112687
2017-03-17,1607.5,1627.45,88403
2017-03-20,1620.0,1632.17,55472
2017-03-21,1620.0,1660.5,396452
2017-03-22,1631.0,1672.87,220078
2017-03-23,1639.95,1677.17,94164
2017-03-24,1641.52,1660.5,70642
2017-03-27,1646.07,1665.0,77175
2017-03-28,1652.2,1683.42,100546
2017-03-29,1663.45,1707.75,152285
2017-03-30,1690.3,1711.25,979257
2017-03-31,1665.52,1716.47,198473
2017-04-03,1636.4,1711.05,94308
2017-04-05,1675.0,1700.77,195676
2017-04-06,1673.72,1697.22,113256
2017-04-07,1670.0,1688.65,51704
2017-04-10,1675.0,1712.5,68269
2017-04-11,1691.1,1726.87,93869
2017-04-12,1688.9,1730.05,167440
2017-04-13,1695.5,1726.3,60999
2017-04-17,1686.27,1702.9,45551
2017-04-18,1676.9,1708.02,113302
2017-04-19,1669.6,1723.72,92994
2017-04-20,1684.1,1720.0,67261
2017-04-21,1684.0,1703.82,83775
2017-04-24,1680.0,1697.9,40315
2017-04-25,1693.67,1744.5,137458
2017-04-26,1730.0,1799.0,312937
2017-04-27,1723.4,1804.5,176133
2017-04-28,1774.12,1819.5,164858
2017-05-02,1777.82,1822.2,93731
2017-05-03,1756.65,1815.0,107101
2017-05-04,1782.67,1810.0,119681
2017-05-05,1758.22,1799.8,48124
2017-05-08,1757.02,1781.97,36456
2017-05-09,1759.52,1801.97,94431
2017-05-10,1793.5,1860.9,334682
2017-05-11,1842.6,1872.0,163452
2017-05-12,1830.9,1867.5,62309
2017-05-15,1840.02,1899.75,118393
2017-05-16,1853.5,1887.0,109624
2017-05-17,1830.0,1876.85,67562
2017-05-18,1773.05,1842.8,71006
2017-05-19,1781.5,1835.0,143736
2017-05-22,1801.6,1848.5,106318
2017-05-23,1790.02,1841.95,132716
2017-05-24,1735.95,1807.92,99686
2017-05-25,1725.6,1785.0,169440
2017-05-26,1701.1,1772.5,443050
2017-05-29,1685.75,1730.0,196170
2017-05-30,1689.15,1725.0,246655
2017-05-31,1708.5,1774.0,209500
2017-06-01,1770.0,1805.5,202808
2017-06-02,1780.0,1832.5,149771
2017-06-05,1795.8,1857.0,251302
2017-06-06,1797.92,1836.0,136038
2017-06-07,1800.1,1837.5,129708
2017-06-08,1810.32,1829.5,45391
2017-06-09,1820.62,1849.5,145415
2017-06-12,1807.0,1853.2,81208
2017-06-13,1802.5,1824.37,53018
2017-06-14,1790.25,1823.0,50245
2017-06-15,1777.12,1815.0,87880
2017-06-16,1761.5,1789.0,139835
2017-06-19,1785.0,1811.77,58925
2017-06-20,1784.5,1809.35,90804
2017-06-21,1780.0,1845.0,89140
2017-06-22,1816.25,1850.0,150785
2017-06-23,1803.25,1833.8,101713
2017-06-27,1806.72,1839.3,83695
2017-06-28,1795.02,1837.8,128578
2017-06-29,1800.5,1848.5,90710
2017-06-30,1809.7,1855.92,239851
2017-07-03,1839.5,1873.3,74453
2017-07-04,1855.05,1883.95,122781
2017-07-05,1857.5,1884.5,113021
2017-07-06,1860.72,1875.0,123203
2017-07-07,1838.45,1860.97,119710
2017-07-10,1849.0,1864.0,17107
2017-07-11,1843.52,1867.57,82155
2017-07-12,1846.0,1862.35,180201
2017-07-13,1852.0,1881.95,63901
2017-07-14,1852.57,1867.35,38966
2017-07-17,1837.7,1866.5,54354
2017-07-18,1828.02,1879.0,65531
2017-07-19,1877.35,1919.5,262599
2017-07-20,1882.5,1917.5,207949
2017-07-21,1895.1,1922.5,120408
2017-07-24,1907.57,1934.0,101992
2017-07-25,1910.52,1926.65,97708
2017-07-26,1920.15,1931.0,78143
2017-07-27,1920.5,1959.2,140368
2017-07-28,1917.6,1964.17,119482
2017-07-31,1939.5,1978.3,127968
2017-08-01,1942.77,1979.0,114470
2017-08-02,1920.32,1964.5,160769
2017-08-03,1917.02,1945.0,74679
2017-08-04,1915.0,1968.75,96920
2017-08-07,1950.02,2105.92,891341
2017-08-08,1990.0,2070.57,375176
2017-08-09,1996.45,2037.45,174011
2017-08-10,2014.0,2116.97,326587
2017-08-11,2025.5,2078.5,148713
2017-08-14,2050.75,2103.12,99328
2017-08-16,2085.52,2155.97,294698
2017-08-17,2117.5,2169.92,170706
2017-08-18,2105.52,2141.97,80306
2017-08-21,2106.02,2138.7,96344
2017-08-22,2090.32,2129.47,106183
2017-08-23,2078.0,2133.85,118712
2017-08-24,2096.67,2137.2,123419
2017-08-28,2087.97,2129.42,150029
2017-08-29,2071.1,2109.62,165131
2017-08-30,2090.0,2131.25,101234
2017-08-31,2106.12,2136.0,134547
2017-09-01,2100.75,2130.15,96172
2017-09-04,2075.5,2129.5,114767
2017-09-05,2110.0,2135.92,137103
2017-09-06,2104.5,2128.5,115639
2017-09-07,2122.0,2147.5,114924
2017-09-08,2134.67,2175.0,139346
2017-09-11,2145.0,2165.0,71094
2017-09-12,2151.45,2169.25,113421
2017-09-13,2140.0,2180.0,92788
2017-09-14,2156.72,2174.5,94563
2017-09-15,2165.0,2190.42,139797
2017-09-18,2181.15,2204.5,217716
2017-09-19,2161.5,2197.5,108932
2017-09-20,2170.62,2193.47,47068
2017-09-21,2153.02,2187.0,80286
2017-09-22,2127.02,2172.85,192809
2017-09-25,2116.3,2159.22,133944
2017-09-26,2132.5,2170.0,105618
2017-09-27,2136.47,2178.67,157927
2017-10-17,2265.0,2320.0,106307
2017-10-18,2302.52,2362.5,179088
2017-10-19,2310.05,2362.5,14699
2017-10-23,2319.05,2373.47,121350
2017-10-24,2301.02,2344.0,72527
2017-10-25,2287.5,2329.95,153517
2017-10-26,2293.5,2331.77,150389
2017-10-27,2285.05,2327.3,93708
2017-10-30,2300.0,2383.72,157502
2017-10-31,2315.35,2385.0,119015
2017-11-01,2321.0,2372.77,135628
2017-11-02,2292.4,2361.87,84051
2017-11-03,2315.05,2354.45,57783
2017-11-06,2310.07,2350.22,120003
2017-11-07,2304.0,2371.0,204177
2017-11-08,2300.1,2343.67,99325
2017-11-09,2326.8,2399.9,172913
2017-11-10,2370.5,2458.9,243606
2017-11-13,2343.77,2463.3,334186
2017-11-14,2388.15,2457.57,279340
2017-11-15,2363.1,2412.5,97511
2017-11-16,2364.0,2408.02,129273
2017-11-17,2367.5,2414.92,199018
2017-11-20,2362.17,2399.5,159181
2017-11-21,2384.5,2421.97,150773
2017-11-22,2374.0,2418.22,121364
2017-11-23,2380.52,2405.0,71530
2017-11-24,2354.27,2397.27,145893
2017-11-27,2380.37,2411.97,194320
2017-11-28,2390.1,2426.85,151111
2017-11-29,2392.52,2415.52,152996
2017-11-30,2345.05,2441.0,3134564
2017-12-01,2382.3,2432.5,165765
2017-12-04,2375.0,2405.37,66290
2017-12-05,2367.65,2405.3,100160
2017-12-06,2357.62,2397.45,78353
2017-12-07,2382.52,2475.0,139902
2017-12-08,2418.0,2481.95,116782
2017-12-11,2418.9,2474.5,101345
2017-12-12,2413.0,2454.5,65982
2017-12-13,2397.6,2436.5,73277
2017-12-14,2330.0,2423.75,179526
2017-12-15,2340.52,2374.1,127802
2017-12-18,2299.2,2355.32,186521
2017-12-19,2339.15,2389.72,274186
2017-12-20,2357.5,2385.0,131605
2017-12-21,2353.0,2375.0,86067
2017-12-22,2367.5,2412.47,284509
2017-12-26,2363.15,2387.5,71374
2017-12-27,2361.92,2375.0,94250
2017-12-28,2328.05,2370.57,197527
2017-12-29,2333.0,2364.47,131579
2018-01-01,2357.6,2387.0,56160
2018-01-02,2322.0,2371.12,88399
2018-01-03,2328.27,2354.97,83023
2018-01-04,2305.07,2344.45,167350
2018-01-05,2307.17,2339.75,132058
2018-01-08,2313.82,2355.5,88415
2018-01-09,2312.42,2356.67,122140
2018-01-10,2315.75,2354.5,194379
2018-01-11,2316.0,2374.5,111728
2018-01-12,2330.67,2384.5,128637
2018-01-15,2352.5,2393.0,88732
2018-01-16,2300.5,2386.5,168099
2018-01-17,2320.02,2376.5,102842
2018-01-18,2303.0,2389.4,177923
2018-01-19,2315.0,2346.4,65593
2018-01-22,2335.0,2376.0,80901
2018-01-23,2324.62,2380.27,100355
2018-01-24,2340.52,2377.57,80067
2018-01-25,2300.5,2359.6,398317
2018-01-29,2303.5,2355.0,110221
2018-01-30,2320.1,2370.02,129166
2018-01-31,2323.6,2356.2,71887
2018-02-01,2327.92,2380.85,148844
2018-02-02,2288.5,2370.0,187184
2018-02-05,2280.0,2349.5,177420
2018-02-06,2200.0,2310.25,137134
2018-02-07,2246.52,2312.5,128288
2018-02-08,2257.75,2327.0,99666
2018-02-09,2263.02,2339.9,120741
2018-02-12,2335.0,2395.0,214757
2018-02-14,2373.17,2437.9,349962
2018-02-15,2350.77,2408.17,82826
2018-02-16,2368.0,2405.0,82784
2018-02-19,2347.95,2390.75,44981
2018-02-20,2362.5,2390.0,132678
2018-02-21,2369.8,2393.45,123451
2018-02-22,2375.67,2437.5,212453
2018-02-23,2437.55,2489.5,152705
2018-02-26,2472.02,2499.0,112351
2018-02-27,2455.25,2532.9,213517
2018-02-28,2448.65,2504.65,90480
2018-03-01,2460.0,2499.97,52535
2018-03-05,2445.7,2469.72,78734
2018-03-06,2393.52,2467.45,78178
2018-03-07,2390.0,2457.5,126922
2018-03-08,2411.12,2458.75,134037
2018-03-09,2412.12,2440.0,188502
2018-03-12,2410.37,2447.5,73006
2018-03-13,2416.17,2447.5,109033
2018-03-14,2403.0,2427.5,104396
2018-03-15,2406.2,2448.0,303199
2018-03-16,2420.0,2447.5,151921
2018-03-19,2401.5,2434.97,111828
2018-03-20,2403.0,2417.5,161626
2018-03-21,2410.0,2428.0,202332
2018-03-22,2410.25,2435.0,88523
2018-03-23,2395.0,2435.0,136672
2018-03-26,2419.47,2435.0,96252
2018-03-27,2431.92,2492.87,242626
2018-03-28,2452.1,2502.0,263016
2018-04-02,2487.2,2558.85,145858
2018-04-03,2522.3,2559.5,107419
2018-04-04,2495.5,2542.4,134190
2018-04-05,2505.5,2537.35,102027
2018-04-06,2525.0,2599.97,136390
2018-04-09,2568.27,2603.5,62539
2018-04-10,2530.0,2588.75,74257
2018-04-11,2553.0,2580.67,43801
2018-04-12,2555.0,2601.5,111689
2018-04-13,2579.3,2618.07,146845
2018-04-16,2592.92,2669.0,95667
2018-04-17,2657.12,2710.22,196397
2018-04-18,2660.5,2694.2,64895
2018-04-19,2673.07,2709.62,64526
2018-04-20,2649.75,2700.47,44036
2018-04-23,2652.22,2682.4,90845
2018-04-24,2625.55,2671.55,58099
2018-04-25,2638.62,2726.25,95281
2018-04-26,2672.55,2706.02,92425
2018-04-27,2689.17,2747.92,88432
2018-04-30,2730.0,2768.22,64749
2018-05-02,2704.4,2782.75,72079
2018-05-03,2660.0,2730.0,76051
2018-05-04,2650.5,2713.62,112650
2018-05-07,2692.25,2750.02,75816
2018-05-08,2691.62,2750.0,53753
2018-05-09,2694.55,2726.27,62836
2018-05-10,2672.75,2713.07,100146
2018-05-11,2700.0,2746.2,62116
2018-05-14,2706.6,2755.0,40024
2018-05-15,2708.15,2753.85,138868
2018-05-16,2667.82,2792.5,239001
2018-05-17,2720.52,2785.0,133262
2018-05-18,2740.12,2820.0,153209
2018-05-21,2739.45,2835.5,111240
2018-05-22,2760.15,2815.0,111681
2018-05-23,2800.0,2867.5,194505
2018-05-24,2841.0,2895.95,131895
2018-05-25,2853.02,2925.0,117461
2018-05-28,2896.5,2939.37,68241
2018-05-29,2889.12,2934.0,84912
2018-05-30,2868.0,2909.77,110349
2018-05-31,2880.0,3007.9,310385
2018-06-01,2897.1,2987.0,122383
2018-06-04,2855.3,2932.02,117493
2018-06-05,2877.77,2920.0,73104
2018-06-06,2902.5,2944.5,68662
2018-06-07,2944.05,3008.5,122120
2018-06-08,2944.02,3008.0,88448
2018-06-11,2950.5,2982.12,69237
2018-06-12,2930.27,2977.5,45399
2018-06-13,2967.55,3040.0,99138
2018-06-14,2985.5,3023.5,76768
2018-06-15,2997.65,3089.72,179270
2018-06-18,3029.95,3066.85,117358
2018-06-19,2961.02,3041.47,95392
2018-06-20,2985.0,3027.75,129644
2018-06-21,2975.0,3014.97,75986
2018-06-22,2947.52,2999.0,92010
2018-06-25,2980.0,3024.95,64843
2018-06-26,2981.5,3040.9,112561
2018-06-27,3024.0,3064.5,136945
2018-06-28,3027.77,3074.0,128134
2018-06-29,3056.15,3128.97,157611
2018-07-02,3085.07,3133.97,80300
2018-07-03,3093.02,3129.8,93841
2018-07-04,3105.02,3159.55,98954
2018-07-05,3147.1,3184.5,72016
2018-07-06,3140.5,3179.75,117338
2018-07-09,3150.0,3203.57,61585
2018-07-10,3185.12,3212.52,91974
2018-07-11,3154.0,3204.47,147138
2018-07-12,3161.12,3215.6,143855
2018-07-13,3195.0,3250.0,110345
2018-07-16,3249.97,3283.5,86137
2018-07-17,3207.27,3287.1,108677
2018-07-18,3155.0,3237.52,107259
2018-07-19,3141.62,3198.2,98624
2018-07-20,3155.5,3217.35,96932
2018-07-23,3182.5,3236.2,84956
2018-07-24,3199.0,3247.5,79014
2018-07-25,3215.0,3262.0,54286
2018-07-26,3207.27,3247.27,107976
2018-07-27,3185.0,3250.0,69954
2018-07-30,3102.82,3212.5,193623
2018-07-31,3145.72,3280.0,172339
2018-08-01,3212.47,3312.5,153538
2018-08-02,3219.52,3274.5,116150
2018-08-03,3184.1,3261.0,172250
2018-08-06,3132.42,3244.0,599659
2018-08-07,3085.0,3183.27,349661
2018-08-08,3108.02,3158.5,191596
2018-08-09,3140.27,3179.27,130713
2018-08-10,3140.55,3181.5,109136
2018-08-13,3156.5,3225.5,162185
2018-08-14,3212.27,3247.2,168094
2018-08-16,3213.05,3260.0,147947
2018-08-17,3239.6,3320.22,201564
2018-08-20,3325.0,3393.4,144712
2018-08-21,3355.02,3457.1,220391
2018-08-23,3415.85,3467.17,162550
2018-08-24,3382.5,3445.0,137918
2018-08-27,3390.75,3430.0,65394
2018-08-28,3409.5,3429.22,77653
2018-08-29,3363.1,3425.5,94975
2018-08-30,3282.6,3388.0,150461
2018-08-31,3325.02,3390.0,109689
2018-09-03,3266.0,3407.47,85052
2018-09-04,3149.85,3304.32,204423
2018-09-05,3025.0,3159.87,373314
2018-09-06,3060.57,3159.47,0
2018-09-07,3087.9,3137.2,86779
2018-09-10,3042.5,3122.5,85586
2018-09-11,2960.07,3055.27,212047
2018-09-12,2955.17,3030.0,219558
2018-09-14,3000.0,3075.0,261343
2018-09-17,2988.27,3054.0,147524
2018-09-18,3001.22,3077.7,237839
2018-09-19,2965.0,3064.0,133237
2018-09-21,2685.02,3002.47,370746
2018-09-24,2781.25,2918.75,195731
2018-09-25,2741.02,2905.65,234101
2018-09-26,2825.0,2937.5,190517
2018-09-27,2812.5,2883.0,232482
2018-09-28,2767.1,2945.0,443009
2018-10-01,2850.5,2940.0,172996
2018-10-03,2851.0,2917.32,133506
2018-10-04,2775.2,2849.0,318749
2018-10-05,2690.07,2807.5,259162
2018-10-08,2673.57,2784.95,229770
2018-10-09,2723.07,2839.45,319083
2018-10-10,2732.02,2875.0,137220
2018-10-11,2745.3,2831.22,137391
2018-10-12,2810.65,2894.5,217736
2018-10-15,2810.0,2892.47,194475
2018-10-16,2810.0,2885.0,98159
2018-10-17,2752.55,2888.82,189478
2018-10-19,2737.5,2797.0,170777
2018-10-22,2775.5,2811.25,95343
2018-10-23,2726.12,2800.55,192201
2018-10-24,2655.0,2792.0,242295
2018-10-25,2628.0,2704.8,248108
2018-10-26,2628.6,2694.5,133717
2018-10-29,2651.32,2724.5,94078
2018-10-30,2687.7,2733.5,134636
2018-10-31,2719.52,2833.02,212100
2018-11-01,2782.5,2858.92,125930
2018-11-02,2790.0,2862.5,126788
2018-11-05,2805.5,2865.72,91500
2018-11-06,2825.6,2899.5,115086
2018-11-07,2871.12,2910.0,38903
2018-11-09,2850.5,2944.5,221124
2018-11-12,2791.7,2911.2,348845
2018-11-13,2828.0,2920.0,180903
2018-11-14,2865.8,2931.5,154593
2018-11-15,2866.02,2914.0,61253
2018-11-16,2895.0,2995.0,225943
2018-11-19,2970.0,3012.0,184068
2018-11-20,2920.42,3002.95,108251
2018-11-21,2955.0,3012.5,197972
2018-11-22,2990.0,3030.2,174523
2018-11-26,2975.5,3029.45,174104
2018-11-27,2983.0,3040.0,215434
2018-11-28,2975.25,3035.0,124414
2018-11-29,2985.0,3045.0,414182
2018-11-30,3040.8,3197.0,954568
2018-12-03,3081.35,3188.9,311813
2018-12-04,3056.1,3128.75,329006
2018-12-05,3065.05,3109.4,205221
2018-12-06,2980.0,3078.9,302116
2018-12-07,2950.0,3013.85,155500
2018-12-10,2930.0,3000.0,197626
2018-12-11,2940.0,3009.9,198219
2018-12-12,3000.25,3074.0,261560
2018-12-13,3083.15,3157.95,401085
2018-12-14,3097.45,3171.1,187229
2018-12-17,3114.0,3170.0,228526
2018-12-18,3130.0,3183.0,230834
2018-12-19,3170.0,3245.0,425672
2018-12-20,3160.15,3234.75,205790
2018-12-21,3107.1,3200.0,359201
2018-12-24,3082.15,3157.0,245822
2018-12-26,3041.0,3114.0,159442
2018-12-27,3062.0,3124.95,240314
2018-12-28,3080.95,3114.35,169577
2018-12-31,3083.0,3120.0,184698
2019-01-01,3080.0,3128.9,140863
2019-01-02,3081.2,3131.0,152324
2019-01-03,3097.4,3177.0,311498
2019-01-04,3105.55,3159.2,170818
2019-01-07,3125.0,3155.0,152966
2019-01-08,3080.0,3155.0,217274
2019-01-09,3081.0,3119.85,257227
2019-01-10,3073.0,3100.0,229690
2019-01-11,3079.6,3116.75,353709
2019-01-14,3063.0,3124.0,154975
2019-01-15,3095.0,3199.9,278642
2019-01-16,3145.0,3204.9,182044
2019-01-17,3175.05,3212.0,154540
2019-01-18,3134.25,3217.35,161433
2019-01-21,3136.5,3198.55,174710
2019-01-22,3130.15,3174.95,156085
2019-01-23,3161.05,3229.0,286992
2019-01-24,3190.55,3225.0,148520
2019-01-25,3193.05,3270.0,325166
2019-01-28,3131.0,3222.0,216799
2019-01-29,3152.5,3197.0,179979
2019-01-30,3180.1,3222.0,116521
2019-01-31,3189.2,3231.95,255273
2019-02-01,3201.0,3286.0,387188
2019-02-04,3228.2,3280.4,140277
2019-02-05,3150.1,3316.0,503959
2019-02-06,3105.05,3199.95,313476
2019-02-07,3174.1,3230.0,374133
2019-02-08,3095.0,3210.0,640983
2019-02-11,3055.3,3132.3,265355
2019-02-12,3001.0,3107.0,515301
2019-02-13,2907.0,3034.8,504157
2019-02-14,2900.0,2949.0,288540
2019-02-15,2846.0,2945.0,374811
2019-02-18,2759.0,2939.0,700981
2019-02-19,2851.0,2975.95,484180
2019-02-20,2884.0,2930.0,271061
2019-02-21,2935.0,3018.0,724297
2019-02-22,2972.7,3057.3,313430
2019-02-25,2982.0,3077.0,336072
2019-02-26,3018.25,3092.95,568492
2019-02-27,3023.35,3108.95,393442
2019-02-28,3032.9,3098.6,447041
2019-03-01,3062.3,3090.35,217420
2019-03-05,3060.0,3100.25,246280
2019-03-06,3009.0,3086.95,383038
2019-03-07,3028.7,3069.0,254411
2019-03-08,3021.0,3079.5,190651
2019-03-11,3066.5,3139.5,336189
2019-03-12,3120.9,3178.8,413123
2019-03-13,3093.9,3150.0,298030
2019-03-14,3116.0,3170.0,293230
2019-03-15,3054.7,3169.0,403251
2019-03-18,3060.1,3134.9,238905
2019-03-19,3084.0,3138.85,184380
2019-03-20,3079.4,3135.0,257001
2019-03-22,3088.0,3117.9,197654
2019-03-25,3061.1,3099.0,224948
2019-03-26,3060.0,3132.0,340645
2019-03-27,3078.0,3117.0,360838
2019-03-28,3028.0,3118.5,3470524
2019-03-29,3045.0,3139.0,595114
2019-04-01,3044.0,3109.0,497409
2019-04-02,2980.4,3059.6,378147
2019-04-03,2955.2,3013.5,439719
2019-04-04,2984.15,3055.0,464430
2019-04-05,2985.75,3051.05,387504
2019-04-08,2964.5,3013.95,293053
2019-04-09,2942.5,2988.75,350181
2019-04-10,2951.3,2995.0,377556
2019-04-11,2940.0,2974.05,276801
2019-04-12,2944.0,2990.0,261483
2019-04-15,2972.0,3008.0,221766
2019-04-16,2998.0,3030.0,258557
2019-04-18,2988.15,3029.85,155314
2019-04-22,2971.0,3014.0,150447
2019-04-23,2986.35,3013.95,138140
2019-04-24,2952.05,2997.55,222279
2019-04-25,2962.65,2999.0,163138
2019-04-26,2955.0,2990.0,121340
2019-04-30,2876.05,2974.9,458803
2019-05-02,2772.0,2959.95,1439763
2019-05-03,2690.0,2803.85,1857697
2019-05-06,2654.45,2699.0,764919
2019-05-07,2644.7,2720.5,1182277
2019-05-08,2615.85,2667.1,723429
2019-05-09,2637.0,2689.8,457843
2019-05-10,2673.0,2725.0,471289
2019-05-13,2668.55,2707.6,332869
2019-05-14,2658.05,2723.0,403041
2019-05-15,2660.0,2709.95,322361
2019-05-16,2677.8,2737.0,307180
2019-05-17,2710.0,2785.1,533790
2019-05-20,2781.0,2840.0,442704
2019-05-21,2794.1,2867.4,490607
2019-05-22,2817.5,2878.0,393507
2019-05-23,2827.1,2890.0,262582
2019-05-24,2808.2,2867.0,227827
2019-05-27,2858.05,2905.0,267259
2019-05-28,2880.0,2925.0,441693
2019-05-29,2871.0,2930.0,248043
2019-05-30,2874.6,2937.05,225789
2019-05-31,2889.6,2970.0,577546
2019-06-03,2935.9,3000.0,535064
2019-06-04,2951.0,2985.0,211082
2019-06-06,2881.8,2977.95,333116
2019-06-07,2860.0,2919.3,285268
2019-06-10,2909.7,3005.0,477974
2019-06-11,2970.0,3010.0,282227
2019-06-12,2960.95,3005.0,203661
2019-06-13,2952.0,2994.6,213532
2019-06-14,2954.45,2986.15,117529
2019-06-17,2891.1,2977.9,234062
2019-06-18,2860.0,2905.0,302729
2019-06-19,2850.0,2904.5,258721
2019-06-20,2796.55,2870.85,425859
2019-06-21,2805.0,2874.45,363700
2019-06-24,2771.05,2865.0,369267
2019-06-25,2753.6,2818.35,304799
2019-06-26,2700.0,2813.45,1387720
2019-06-27,2720.0,2764.6,964520
2019-06-28,2732.0,2768.0,363938
2019-07-01,2732.0,2771.0,282998
2019-07-02,2734.3,2777.0,242283
2019-07-03,2765.45,2819.0,454114
2019-07-04,2789.0,2850.0,346395
2019-07-05,2811.9,2862.9,361520
2019-07-08,2771.05,2834.95,302972
2019-07-09,2730.15,2778.4,314268
2019-07-10,2742.9,2805.0,356987
2019-07-11,2757.0,2790.9,206136
2019-07-12,2750.75,2800.0,186082
2019-07-15,2755.0,2795.0,150530
2019-07-16,2737.6,2777.0,221663
2019-07-17,2748.0,2809.95,306989
2019-07-18,2787.55,2844.0,477907
2019-07-19,2712.1,2836.65,403725
2019-07-22,2718.0,2773.3,209576
2019-07-23,2701.0,2749.95,242451
2019-07-24,2620.05,2740.0,525583
2019-07-25,2631.1,2685.0,771878
2019-07-26,2616.55,2684.85,393941
2019-07-29,2652.6,2689.3,245049
2019-07-30,2592.5,2696.95,354859
2019-07-31,2540.3,2632.0,487675
2019-08-01,2575.05,2620.6,332895
2019-08-02,2555.0,2625.0,347132
2019-08-05,2542.85,2597.0,211393
2019-08-06,2538.3,2611.75,404564
2019-08-07,2530.0,2565.05,308676
2019-08-08,2536.85,2590.0,286738
2019-08-09,2522.3,2644.35,1430286
2019-08-13,2491.0,2565.0,731080
2019-08-14,2470.0,2549.7,466208
2019-08-16,2442.0,2505.0,734216
2019-08-19,2471.1,2520.0,586547
2019-08-20,2371.0,2470.0,1174827
2019-08-21,2300.0,2405.0,1700962
2019-08-22,2393.0,2477.0,1252406
2019-08-23,2402.2,2502.0,629497
2019-08-26,2483.55,2547.8,748623
2019-08-27,2530.0,2724.3,2211174
2019-08-28,2672.05,2743.25,1149926
2019-08-29,2651.5,2737.0,535368
2019-08-30,2687.5,2726.45,507782
2019-09-03,2683.1,2763.15,716548
2019-09-04,2626.0,2747.55,752108
2019-09-05,2640.0,2705.0,931162
2019-09-06,2646.2,2721.3,478053
2019-09-09,2650.2,2694.8,298664
2019-09-11,2660.0,2704.0,334013
2019-09-12,2647.65,2683.15,310751
2019-09-13,2642.0,2682.0,245991
2019-09-16,2646.1,2730.0,428246
2019-09-17,2678.8,2740.95,604927
2019-09-18,2588.2,2668.7,832018
2019-09-19,2590.0,2653.2,499689
2019-09-20,2602.55,2883.0,1324910
2019-09-23,2951.0,3583.75,1743589
2019-09-24,3055.0,3115.0,809417
2019-09-25,3001.0,3090.3,582998
2019-09-26,3050.0,3105.0,514054
2019-09-27,3005.95,3109.7,432428
2019-09-30,2930.1,3023.95,553451
2019-10-01,2900.15,2987.4,474514
2019-10-03,2850.0,2919.0,285265
2019-10-04,2835.1,2931.35,313496
2019-10-07,2851.45,2968.75,969709
2019-10-09,2926.9,3074.65,1037068
2019-10-10,3001.0,3061.0,422209
2019-10-11,3043.3,3096.95,510119
2019-10-14,3068.95,3124.0,350920
2019-10-15,3112.35,3193.65,583008
2019-10-16,3155.0,3185.0,271629
2019-10-17,3160.0,3266.35,673820
2019-10-18,3222.55,3259.2,230815
2019-10-22,3220.1,3291.9,435837
2019-10-23,3253.0,3344.5,591914
2019-10-24,3260.25,3342.0,401741
2019-10-25,3247.0,3298.85,213353
2019-10-27,3237.35,3305.05,39585
2019-10-29,3259.0,3367.0,458464
2019-10-30,3276.0,3399.0,496662
2019-10-31,3255.0,3343.55,488894
2019-11-01,3236.7,3295.0,320106
2019-11-04,3227.0,3299.0,283144
2019-11-05,3202.3,3280.0,330794
2019-11-06,3191.0,3257.85,347320
2019-11-07,3204.9,3256.6,288996
2019-11-08,3143.0,3245.45,376182
2019-11-11,3110.0,3195.0,464906
2019-11-13,3200.0,3299.0,1853222
2019-11-14,3200.0,3274.9,515326
2019-11-15,3185.15,3260.0,261412
2019-11-18,3126.0,3217.15,429862
2019-11-19,3110.0,3158.35,261351
2019-11-20,3060.0,3135.0,504339
2019-11-21,3061.65,3113.0,295648
2019-11-22,3016.15,3072.0,349622
2019-11-25,3004.3,3045.0,437144
2019-11-26,3041.0,3083.0,620959
2019-11-27,3060.0,3100.0,235618
2019-11-28,3060.0,3110.4,234706
2019-11-29,3050.0,3095.0,221117
2019-12-02,3051.55,3089.95,387666
2019-12-03,3027.15,3116.0,522267
2019-12-04,3023.55,3067.35,263755
2019-12-05,3041.0,3094.65,278358
2019-12-06,3059.7,3098.2,206989
2019-12-09,3047.45,3084.8,206624
2019-12-10,3042.1,3079.0,185130
2019-12-11,3030.3,3064.0,315341
2019-12-12,3030.2,3080.0,254614
2019-12-13,3035.0,3096.0,249099
2019-12-16,3042.75,3087.85,369764
2019-12-17,3050.0,3075.5,212811
2019-12-18,3053.35,3121.15,405982
2019-12-19,3090.05,3123.0,259885
2019-12-20,3062.45,3155.95,766343
2019-12-23,3077.8,3129.7,259919
2019-12-24,3084.0,3114.45,166800
2019-12-26,3054.15,3118.0,189043
2019-12-27,3021.0,3082.0,407653
2019-12-30,3035.1,3065.0,182858
2019-12-31,3020.0,3066.8,190885
2020-01-01,3027.4,3053.0,110561
2020-01-02,3043.05,3065.0,138428
2020-01-03,3025.65,3060.0,168305
2020-01-06,2995.05,3032.15,181158
2020-01-07,3028.0,3054.0,159307
2020-01-08,2995.0,3038.7,194024
2020-01-09,2995.1,3049.0,434270
2020-01-10,2978.05,3015.0,526254
2020-01-13,2987.3,3056.25,420792
2020-01-14,3037.15,3119.0,653300
2020-01-15,3092.9,3133.95,438959
2020-01-16,3115.0,3160.0,768872
2020-01-17,3114.35,3169.0,294064
2020-01-20,3104.4,3143.0,203111
2020-01-21,3077.25,3130.0,220943
2020-01-22,3088.9,3138.7,248578
2020-01-23,3068.1,3122.9,203032
2020-01-24,3112.05,3212.95,580192
2020-01-27,3155.0,3210.0,322446
2020-01-28,3136.5,3209.9,292577
2020-01-29,3190.05,3245.5,434882
2020-01-30,3192.45,3234.7,337850
2020-01-31,3186.85,3274.6,468850
2020-02-01,3080.0,3220.0,237502
2020-02-03,3092.35,3249.0,657504
2020-02-04,3188.0,3300.0,511585
2020-02-05,3243.7,3318.0,423733
2020-02-06,3236.35,3293.0,410631
2020-02-07,3237.1,3296.0,450061
2020-02-10,3125.0,3280.0,969115
2020-02-11,3124.2,3198.8,507516
2020-02-12,3124.2,3209.0,669153
2020-02-13,3105.2,3143.65,319421
2020-02-14,3090.3,3159.0,270506
2020-02-17,3072.05,3112.3,224912
2020-02-18,3020.0,3080.0,453173
2020-02-19,3040.0,3111.0,462922
2020-02-20,3052.25,3123.45,270720
2020-02-24,3005.0,3065.0,427352
2020-02-25,3018.0,3078.0,350415
2020-02-26,3016.7,3069.9,366302
2020-02-27,2960.0,3100.0,652385
2020-02-28,2917.0,3020.0,619510
2020-03-02,2925.0,3053.95,348147
2020-03-03,2965.0,3045.5,399770
2020-03-04,3028.0,3080.0,368498
2020-03-05,3076.1,3165.0,720100
2020-03-06,3013.25,3100.0,593374
2020-03-09,2968.5,3061.8,607257
2020-03-11,2944.1,3065.9,534597
2020-03-12,2785.05,2968.95,774263
2020-03-13,2410.0,3049.9,1108162
2020-03-16,2602.05,2744.65,791034
2020-03-17,2669.05,2795.75,567266
2020-03-18,2480.0,2744.95,649481
2020-03-19,2260.0,2404.0,786857
2020-03-20,2294.25,2500.9,742455
2020-03-23,2100.0,2422.4,613493
2020-03-24,2111.9,2450.0,929170
2020-03-25,2317.1,2511.6,1249005
2020-03-26,2417.3,2668.8,944116
2020-03-27,2505.0,2708.95,472582
2020-03-30,2442.75,2579.35,701815
2020-03-31,2490.0,2710.0,734769
2020-04-01,2505.0,2780.0,1167150
2020-04-03,2475.0,2610.0,726903
2020-04-07,2640.15,2878.7,1062855
2020-04-08,2759.0,2990.0,1037961
2020-04-09,2732.9,2850.0,893108
2020-04-13,2697.35,2800.0,501533
2020-04-15,2754.7,2908.5,1011691
2020-04-16,2815.0,2893.95,675907
2020-04-17,2802.2,2895.0,705271
2020-04-20,2801.0,2864.8,667917
2020-04-21,2733.15,2906.35,1129799
2020-04-22,2827.45,2969.7,737395
2020-04-23,2918.0,3245.0,3426363
2020-04-24,2956.0,3122.9,2613797
2020-04-27,3070.0,3290.0,1993378
2020-04-28,3160.0,3289.85,1379063
2020-04-29,3150.0,3238.75,1177520
2020-04-30,3150.0,3205.0,1021592
2020-05-04,3056.0,3160.0,591353
2020-05-05,2970.5,3126.0,905266
2020-05-06,2907.65,3065.0,995972
2020-05-07,2867.0,2980.0,994651
2020-05-08,2923.45,3037.0,1102857
2020-05-11,2991.85,3083.4,1095855
2020-05-12,3031.3,3123.2,1329390
2020-05-13,3057.5,3188.0,850975
2020-05-14,3031.7,3138.0,777257
2020-05-15,3115.0,3196.0,870248
2020-05-18,3098.1,3165.0,730350
2020-05-19,3086.05,3147.9,537217
2020-05-20,3106.85,3159.0,439150
2020-05-21,3099.0,3157.0,574325
2020-05-22,3080.0,3184.2,630580
2020-05-26,3141.0,3244.0,718134
2020-05-27,3141.0,3238.95,739328
2020-05-28,3189.35,3363.25,1453514
2020-05-29,3289.9,3417.0,1658714
2020-06-01,3401.0,3470.0,883460
2020-06-02,3400.0,3480.0,786444
2020-06-03,3471.2,3708.0,3415126
2020-06-04,3422.0,3555.0,1309771
2020-06-05,3402.2,3497.95,1200548
2020-06-08,3410.0,3513.25,768759
2020-06-09,3409.0,3469.9,567611
2020-06-10,3357.4,3447.6,628261
2020-06-11,3330.0,3403.45,673105
2020-06-12,3305.75,3443.0,1373475
2020-06-15,3343.45,3406.5,609721
2020-06-16,3330.0,3399.95,701355
2020-06-17,3355.05,3435.0,1100079
2020-06-18,3381.55,3457.0,898020
2020-06-19,3382.0,3450.0,782740
2020-06-22,3416.0,3475.0,735172
2020-06-23,3426.3,3504.9,765553
2020-06-24,3440.0,3504.9,573266
2020-06-25,3420.0,3474.4,546489
2020-06-26,3444.3,3499.9,448352
2020-06-29,3445.8,3544.85,940186
2020-06-30,3540.0,3615.0,1236537
2020-07-01,3536.0,3611.0,586225
2020-07-02,3512.05,3567.65,422319
2020-07-03,3515.0,3579.95,323231
2020-07-06,3541.0,3646.0,538078
2020-07-07,3580.0,3685.45,664348
2020-07-08,3630.0,3712.5,531417
2020-07-09,3650.0,3699.0,397351
2020-07-10,3655.35,3753.6,706136
2020-07-13,3750.25,3835.0,1108644
2020-08-03,3768.1,3849.9,369180
2020-08-04,3785.0,3855.0,642559
2020-08-05,3827.95,3873.55,569216
2020-08-06,3845.0,3912.0,786063
2020-08-07,3850.0,3945.0,1061884
2020-08-10,3929.0,4005.0,826722
2020-08-11,3865.0,3970.0,422055
2020-08-12,3800.0,3885.0,619436
2020-08-13,3792.05,3857.85,513264
2020-08-14,3752.0,3840.0,537499
2020-08-17,3802.0,3895.0,987819
2020-08-18,3875.0,3940.0,768897
2020-08-19,3865.65,3949.0,505661
2020-08-20,3837.25,3910.2,523854
2020-08-21,3865.05,3912.0,401007
2020-08-24,3894.2,3926.0,444407
2020-08-25,3875.0,3929.95,358587
2020-08-26,3799.1,3857.35,608530
2020-08-27,3810.0,3853.35,385945
2020-08-28,3787.0,3827.6,512488
2020-08-31,3684.0,3811.0,600226
2020-09-01,3718.3,3787.75,387446
2020-09-02,3752.0,3813.6,305952
2020-09-03,3740.0,3808.75,414160
2020-09-04,3698.55,3809.0,759852
2020-09-07,3655.0,3750.0,437318
2020-09-08,3711.25,3762.45,379275
2020-09-09,3686.1,3749.0,332884
2020-09-10,3700.05,3765.5,357927
2020-09-11,3720.0,3828.0,829715
2020-09-14,3711.0,3796.0,397741
2020-09-15,3715.0,3766.5,366110
2020-09-16,3737.15,3860.0,917526
2020-09-17,3768.75,3890.95,741010
2020-09-18,3774.85,3839.75,947698
2020-09-21,3613.5,3795.0,604282
2020-09-22,3540.05,3678.0,670648
2020-09-23,3562.8,3652.9,405856
2020-09-24,3560.2,3655.0,517316
2020-09-25,3615.0,3716.95,507368
2020-09-28,3689.0,3778.0,390640
2020-09-29,3701.65,3796.0,449330
2020-09-30,3714.05,3825.0,535771
2020-10-01,3762.0,3827.95,336322
2020-10-05,3785.05,3857.8,460889
2020-10-06,3752.0,3879.95,666856
2020-10-07,3768.0,3838.0,590795
2020-10-08,3771.5,3825.0,371495
2020-10-09,3735.0,3818.65,347685
2020-10-12,3722.3,3774.3,286506
2020-10-13,3702.65,3786.3,368886
2020-10-14,3740.0,3801.8,545911
2020-10-15,3715.0,3835.95,526411
2020-10-16,3721.25,3779.0,263967
2020-10-19,3740.0,3795.0,473267
2020-10-20,3543.1,3694.0,3187477
2020-10-21,3382.0,3580.0,3538724
2020-10-22,3410.0,3493.35,2266246
2020-10-23,3442.05,3502.9,1022334
2020-10-26,3466.0,3505.55,893740
2020-10-27,3480.0,3588.0,1753963
2020-10-28,3524.95,3599.8,667035
2020-10-29,3498.0,3556.0,654253
2020-10-30,3460.65,3549.85,475859
2020-11-02,3391.15,3485.95,764391
2020-11-03,3390.0,3457.25,623300
2020-11-04,3411.9,3506.0,714800
2020-11-05,3465.45,3530.0,999876
2020-11-06,3489.65,3555.0,582470
2020-11-09,3513.55,3570.0,566460
2020-11-10,3445.85,3572.0,976298
2020-11-11,3453.05,3541.6,1141508
2020-11-12,3481.35,3525.95,615256
2020-11-13,3505.0,3541.45,473523
2020-11-14,3515.0,3536.5,56492
2020-11-17,3504.4,3550.0,694643
2020-11-18,3445.0,3521.95,914389
2020-11-19,3480.0,3549.0,739067
2020-11-20,3521.15,3577.75,1197247
2020-11-23,3552.0,3599.0,952758
2020-11-24,3531.7,3593.0,752974
2020-11-25,3531.5,3579.85,385590
2020-11-26,3490.0,3572.9,741800
2020-11-27,3503.1,3684.9,5383773
2020-12-01,3595.55,3702.5,1042234
2020-12-02,3560.0,3648.0,680870
2020-12-03,3608.05,3653.9,450558
2020-12-04,3612.0,3672.0,482933
2020-12-07,3612.1,3670.0,492080
2020-12-08,3617.65,3654.9,413743
2020-12-09,3619.1,3666.0,434686
2020-12-10,3624.0,3747.0,1443681
2020-12-11,3701.5,3777.0,695958
2020-12-14,3737.05,3792.0,685712
2020-12-15,3725.7,3797.7,648902
2020-12-16,3745.0,3786.0,466183
2020-12-17,3721.0,3767.0,488772
2020-12-18,3690.0,3759.8,1043126
2020-12-21,3534.85,3727.05,670146
2020-12-22,3541.1,3662.4,662139
2020-12-23,3605.25,3668.35,451656
2020-12-24,3590.05,3683.9,579767
2020-12-28,3598.0,3646.15,463358
2020-12-29,3575.1,3623.25,414932
2020-12-30,3564.0,3605.85,407808
2020-12-31,3562.1,3601.75,459383
2021-01-01,3563.05,3605.0,453083
2021-01-04,3537.0,3593.9,698402
2021-01-05,3540.0,3563.95,725278
2021-01-06,3510.0,3602.0,1099588
2021-01-07,3516.45,3567.95,621487
2021-01-08,3532.85,3589.95,961239
2021-01-11,3547.65,3625.0,1043630
2021-01-12,3586.3,3648.8,893653
2021-01-13,3600.0,3648.0,798273
2021-01-14,3619.6,3704.9,1192074
2021-01-15,3571.0,3685.0,597621
2021-01-18,3575.0,3665.0,826497
2021-01-19,3587.0,3649.85,594091
2021-01-20,3585.0,3641.0,607449
2021-01-21,3602.6,3666.55,834432
2021-01-22,3591.0,3690.0,791205
2021-01-25,3576.25,3639.85,467367
2021-01-27,3593.8,3649.9,646880
2021-01-28,3559.25,3650.0,643832
2021-01-29,3480.2,3620.8,733173
2021-02-01,3483.0,3557.9,544282
2021-02-02,3483.75,3554.0,869950
2021-02-03,3501.0,3544.0,786972
2021-02-04,3511.05,3608.05,958717
2021-02-05,3530.45,3616.0,1159183
2021-02-08,3464.1,3616.9,2388271
2021-02-09,3455.0,3505.0,951124
2021-02-10,3417.05,3485.1,893690
2021-02-11,3420.0,3470.0,873772
2021-02-12,3409.05,3489.0,618874
2021-02-15,3403.0,3445.0,513578
2021-02-16,3385.05,3432.35,693631
2021-02-17,3360.0,3404.85,866571
2021-02-18,3340.1,3390.95,616156
2021-02-19,3320.0,3383.0,765676
2021-02-22,3317.3,3373.75,666371
2021-02-23,3325.3,3368.0,484686
2021-02-24,3341.0,3415.0,512568
2021-02-25,3374.6,3425.7,586357
2021-02-26,3343.0,3408.95,748717
2021-03-01,3367.05,3420.0,377869
2021-03-02,3395.0,3450.0,383968
2021-03-03,3435.0,3487.15,409493
2021-03-04,3450.0,3514.8,537283
2021-03-05,3460.75,3506.65,612423
2021-03-08,3451.0,3508.95,463984
2021-03-09,3397.35,3489.15,589556
2021-03-10,3438.5,3489.0,270942
2021-03-12,3425.0,3493.85,344205
2021-03-15,3399.0,3456.55,311078
2021-03-16,3456.05,3500.0,383099
2021-03-17,3446.3,3499.0,378136
2021-03-18,3427.4,3487.9,430166
2021-03-19,3379.0,3494.85,1312375
2021-03-22,3440.1,3570.0,820046
2021-03-23,3525.0,3578.0,461046
2021-03-24,3522.0,3568.2,480657
2021-03-25,3429.0,3564.8,486516
2021-03-26,3455.35,3515.0,273033
2021-03-30,3510.05,3625.0,567450
2021-03-31,3592.5,3655.0,441583
2021-04-01,3610.25,3670.0,460658
2021-04-05,3630.0,3720.0,807938
2021-04-06,3680.0,3736.4,462351
2021-04-07,3711.55,3820.0,633677
2021-04-08,3761.05,3834.0,613388
2021-04-09,3790.0,3843.7,526934
2021-04-12,3750.0,3850.0,1108910
2021-04-13,3729.05,3847.0,411660
2021-04-15,3673.0,3799.9,494464
2021-04-16,3676.55,3733.95,251741
2021-04-19,3653.05,3755.0,560398
2021-04-20,3690.1,3752.75,331477
2021-04-22,3692.15,3766.0,424370
2021-04-23,3640.5,3760.9,491834
2021-04-26,3531.0,3662.0,1031406
2021-04-27,3517.0,3574.6,813608
2021-04-28,3469.0,3527.0,1498181
2021-04-29,3447.0,3505.9,611087
2021-04-30,3437.0,3468.35,436187
2021-05-03,3431.6,3478.7,570022
2021-05-04,3420.0,3462.0,337838
2021-05-05,3436.25,3458.9,234116
2021-05-06,3439.7,3491.5,384450
2021-05-07,3452.25,3484.7,189156
2021-05-10,3403.5,3478.0,694001
2021-05-11,3396.05,3434.7,455412
2021-05-12,3401.15,3445.0,252497
2021-05-14,3438.2,3524.5,677498
2021-05-17,3496.05,3533.9,338003
2021-05-18,3480.0,3533.9,474368
2021-05-19,3516.05,3555.0,688416
2021-05-20,3415.0,3517.7,1046540
2021-05-21,3418.0,3449.0,521688
2021-05-24,3371.4,3459.0,1643611
2021-05-25,3385.0,3447.0,1318946
2021-05-26,3413.05,3453.85,373186
2021-05-27,3400.05,3437.5,444547
2021-05-28,3410.0,3449.0,249529
2021-05-31,3427.25,3458.4,352802
2021-06-01,3442.0,3469.1,236580
2021-06-02,3446.05,3486.0,420074
2021-06-03,3467.4,3499.5,380896
2021-06-04,3480.0,3512.0,312826
2021-06-07,3478.5,3555.0,357312
2021-06-08,3542.6,3622.0,787313
2021-06-09,3557.1,3608.35,546202
2021-06-10,3555.0,3611.6,355092
2021-06-11,3551.0,3595.0,301375
2021-06-14,3510.45,3598.0,312420
2021-06-15,3593.0,3640.5,451019
2021-06-16,3605.05,3644.8,232534
2021-06-17,3609.5,3663.0,300185
2021-06-18,3595.0,3679.0,731807
2021-06-21,3581.1,3653.95,231475
2021-06-22,3616.0,3665.0,235555
2021-06-23,3631.0,3684.3,378997
2021-06-24,3651.0,3704.85,385390
2021-06-25,3644.9,3709.9,176772
2021-06-28,3643.0,3685.0,181793
2021-06-29,3610.05,3667.1,357263
2021-06-30,3632.95,3690.0,428387
2021-07-01,3580.65,3661.0,612678
2021-07-02,3535.0,3609.0,292855
2021-07-05,3512.4,3584.5,519061
2021-07-06,3508.65,3533.85,282115
2021-07-07,3506.0,3542.0,524482
2021-07-08,3473.25,3525.9,627227
2021-07-09,3468.0,3518.0,595359
2021-07-12,3464.1,3500.0,146119
2021-07-13,3465.1,3489.45,182918
2021-07-14,3454.15,3488.15,458955
2021-07-15,3455.5,3503.0,264604
2021-07-16,3437.1,3472.7,399006
2021-07-19,3426.1,3457.5,226731
2021-07-20,3426.5,3466.95,152954
2021-07-22,3415.0,3449.5,389457
2021-07-23,3425.3,3452.5,247778
2021-07-26,3431.0,3498.0,433827
2021-07-27,3435.15,3504.85,210607
2021-07-28,3410.0,3469.0,352127
2021-07-29,3402.0,3428.95,321411
2021-07-30,3378.0,3440.0,988317
2021-08-02,3440.05,3542.0,1887580
2021-08-03,3531.0,3579.0,1326045
2021-08-04,3540.0,3599.0,478788
2021-08-05,3547.6,3617.7,497146
2021-08-06,3590.1,3620.0,258380
2021-08-09,3606.25,3649.0,444706
2021-08-10,3611.5,3644.0,249493
2021-08-11,3571.1,3648.95,233115
2021-08-12,3607.5,3642.95,232971
2021-08-13,3575.1,3644.1,323144
2021-08-16,3553.05,3673.95,348972
2021-08-17,3668.0,3707.6,579154
2021-08-18,3686.95,3730.0,426843
2021-08-20,3635.3,3967.5,1567252
2021-08-23,3850.6,3964.65,645088
2021-08-24,3795.5,3892.0,437167
2021-08-25,3797.0,3898.0,360778
2021-08-26,3825.2,3946.95,1114234
2021-08-27,3911.75,3972.95,475524
2021-08-30,3932.2,3993.55,466524
2021-08-31,3960.0,4027.3,688613
2021-09-01,3963.85,4025.9,352460
2021-09-02,4002.05,4104.0,525680
2021-09-03,4073.15,4134.7,426377
2021-09-06,4061.0,4149.3,312608
2021-09-07,4080.0,4129.6,259534
2021-09-08,4015.7,4087.9,236283
2021-09-09,4050.1,4118.8,295134
2021-09-13,4058.8,4103.0,171201
2021-09-14,4082.4,4153.0,419441
2021-09-15,4071.05,4135.0,218163
2021-09-16,4039.8,4120.0,243636
2021-09-17,4041.0,4115.0,621517
2021-09-20,4000.0,4115.0,291097
2021-09-21,4053.0,4111.55,424258
2021-09-22,4049.1,4105.0,259937
2021-09-23,4017.5,4075.45,322858
2021-09-24,4030.0,4098.95,373614
2021-09-27,4000.0,4064.6,248898
2021-09-28,3990.05,4068.95,354948
2021-09-29,3959.15,4019.9,332446
2021-09-30,3940.3,3993.0,217501
2021-10-01,3885.0,3958.8,181917
2021-10-04,3881.0,3967.25,372752
2021-10-05,3865.5,3905.25,131731
2021-10-06,3882.25,3993.15,409840
2021-10-07,3877.45,3963.65,187556
2021-10-08,3846.85,3929.0,316870
2021-10-11,3831.2,3900.75,253051
2021-10-12,3815.0,3874.75,253262
2021-10-13,3854.5,3894.1,174222
2021-10-14,3881.0,3925.0,299078
2021-10-18,3825.0,3960.0,256837
2021-10-19,3780.0,3868.35,282932
2021-10-20,3740.0,3917.35,523002
2021-10-21,3680.0,3798.5,335589
2021-10-22,3650.0,3760.0,192033
2021-10-25,3617.7,3696.55,289025
2021-10-26,3605.85,3705.05,326825
2021-10-27,3681.45,3731.2,441016
2021-10-28,3654.0,3728.7,193658
2021-10-29,3641.05,3708.95,283538
2021-11-01,3651.1,3700.0,139766
2021-11-02,3667.05,3707.6,151547
2021-11-03,3618.05,3699.8,185296
2021-11-04,3639.35,3666.5,23648
2021-11-08,3620.0,3728.85,336938
2021-11-09,3535.15,3639.0,1399094
2021-11-10,3600.0,3720.0,706755
2021-11-11,3633.3,3718.0,298625
2021-11-12,3641.25,3701.95,275060
2021-11-15,3674.0,3747.6,320669
2021-11-16,3681.0,3760.0,199179
2021-11-17,3607.8,3699.95,250996
2021-11-18,3555.0,3644.8,248828
2021-11-22,3570.0,3628.5,364653
2021-11-23,3574.0,3670.0,365672
2021-11-24,3610.0,3674.0,149025
2021-11-25,3566.0,3633.8,232784
2021-11-26,3533.95,3635.1,372530
2021-11-29,3469.1,3550.0,281082
2021-11-30,3501.1,3565.0,633377
2021-12-01,3528.0,3606.7,312855
2021-12-02,3530.0,3607.3,377041
2021-12-03,3550.0,3593.45,313990
2021-12-06,3490.0,3581.1,165986
2021-12-07,3467.0,3529.0,254445
2021-12-08,3483.0,3582.45,326189
2021-12-09,3564.0,3634.45,284117
2021-12-10,3604.4,3642.0,190379
2021-12-13,3576.95,3658.35,311904
2021-12-14,3543.05,3597.45,297867
2021-12-15,3521.5,3579.6,152079
2021-12-16,3536.65,3571.65,121782
2021-12-17,3500.0,3556.0,307396
2021-12-20,3430.1,3530.0,382144
2021-12-21,3461.05,3541.35,222991
2021-12-22,3484.6,3538.6,257611
2021-12-23,3502.0,3560.0,163291
2021-12-24,3519.0,3565.0,136780
2021-12-27,3506.7,3544.55,94111
2021-12-28,3511.1,3562.0,99497
2021-12-29,3525.2,3569.8,163737
2021-12-30,3526.05,3586.0,167005
2021-12-31,3569.05,3623.2,244207
2022-01-03,3582.2,3626.0,149689
2022-01-04,3610.0,3643.85,317247
2022-01-05,3633.05,3689.0,245395
2022-01-06,3625.8,3686.95,340345
2022-01-07,3682.85,3742.0,241905
2022-01-10,3727.9,3778.0,351447
2022-01-11,3738.1,3800.95,206008
2022-01-12,3691.0,3759.75,311095
2022-01-13,3691.3,3759.95,129143
2022-01-14,3695.3,3754.9,97013
2022-01-17,3642.35,3712.8,170221
2022-01-18,3611.1,3694.7,168104
2022-01-19,3565.0,3627.55,129227
2022-01-20,3576.5,3624.0,173547
2022-01-21,3575.7,3629.0,162594
2022-01-24,3505.0,3626.55,240598
2022-01-25,3430.25,3565.45,306411
2022-01-27,3435.65,3535.0,353612
2022-01-28,3494.15,3595.0,249034
2022-01-31,3510.0,3636.0,462842
2022-02-01,3545.05,3710.0,631482
2022-02-02,3604.8,3670.0,209928
2022-02-03,3555.0,3652.0,203975
2022-02-04,3540.0,3593.7,162672
2022-02-07,3440.0,3579.8,279194
2022-02-08,3418.4,3490.0,363856
2022-02-09,3473.45,3540.7,172750
2022-02-10,3485.0,3543.85,172088
2022-02-11,3429.0,3509.35,340217
2022-02-14,3388.05,3455.0,209831
2022-02-15,3400.0,3490.0,209065
2022-02-16,3435.0,3498.8,190567
2022-02-17,3430.0,3483.0,173362
2022-02-18,3444.15,3495.0,121161
2022-02-21,3430.0,3500.0,138287
2022-02-22,3405.0,3498.0,246372
2022-02-23,3470.0,3530.0,326853
2022-02-24,3414.0,3504.0,529995
2022-02-25,3350.4,3444.0,722637
2022-02-28,3327.35,3440.0,426929
2022-03-02,3371.75,3420.95,416582
2022-03-03,3350.0,3439.55,429892
2022-03-04,3275.0,3394.85,331936
2022-03-07,3138.55,3300.55,711477
2022-03-08,3050.0,3180.0,541966
2022-03-09,3093.7,3170.0,483468
2022-03-10,3144.8,3248.0,490457
2022-03-11,3192.8,3256.6,362091
2022-03-14,3145.1,3215.0,335292
2022-03-15,3181.65,3249.0,258636
2022-03-16,3232.25,3318.35,239522
2022-03-17,3300.55,3362.0,436218
2022-03-21,3230.0,3350.0,354460
2022-03-22,3132.25,3250.0,583821
2022-03-23,3092.0,3173.85,1044283
2022-03-24,3080.55,3130.0,459226
2022-03-25,3074.1,3122.75,339040
2022-03-28,3060.05,3118.95,310240
2022-03-29,3090.2,3134.0,359318
2022-03-30,3114.65,3160.0,450273
2022-03-31,3147.3,3218.5,413897
2022-04-01,3191.65,3237.9,260712
2022-04-04,3215.0,3276.4,275388
2022-04-05,3271.9,3314.95,236853
2022-04-06,3254.65,3295.0,245111
2022-04-07,3265.65,3322.0,302703
2022-04-08,3287.0,3354.3,168952
2022-04-11,3297.05,3370.0,186130
2022-04-12,3302.3,3364.9,238043
2022-04-13,3340.0,3388.0,205852
2022-04-18,3306.05,3367.9,197878
2022-04-19,3245.3,3388.0,296680
2022-04-20,3242.0,3335.0,235572
2022-04-21,3274.4,3369.95,152205
2022-04-22,3325.0,3377.5,148494
2022-04-25,3132.05,3347.05,630312
2022-04-26,3301.3,3402.0,398545
2022-04-27,3312.15,3384.7,248769
2022-04-28,3263.1,3391.55,322548
2022-04-29,3266.5,3370.9,259398
2022-05-02,3203.0,3284.9,215783
2022-05-04,3328.15,3596.0,2871830
2022-05-05,3260.0,3423.55,623098
2022-05-06,3187.1,3323.85,560373
2022-05-09,3225.0,3338.3,403409
2022-05-10,3235.0,3320.6,285192
2022-05-11,3195.0,3283.8,269579
2022-05-12,3156.9,3239.95,310942
2022-05-13,3225.0,3321.0,326757
2022-05-16,3253.4,3337.95,270772
2022-05-17,3285.45,3382.9,277190
2022-05-18,3350.0,3432.65,435712
2022-05-19,3308.05,3388.6,394058
2022-05-20,3352.0,3463.8,525530
2022-05-23,3451.25,3538.0,524978
2022-05-24,3440.0,3518.0,230532
2022-05-25,3472.15,3525.0,286553
2022-05-26,3513.5,3577.85,545260
2022-05-27,3510.25,3583.35,165721
2022-05-30,3541.6,3617.65,213495
2022-05-31,3555.25,3700.0,562987
2022-06-01,3533.0,3669.75,241386
2022-06-02,3505.75,3583.8,213099
2022-06-03,3493.0,3597.1,271462
2022-06-06,3450.05,3535.0,153889
2022-06-07,3354.0,3478.9,338018
2022-06-08,3310.0,3402.6,320103
2022-06-09,3306.0,3382.05,347351
2022-06-10,3301.1,3372.25,503822
2022-06-13,3310.95,3375.0,463899
2022-06-14,3330.05,3393.0,224645
2022-06-15,3352.05,3402.9,245702
2022-06-16,3372.05,3431.9,481507
2022-06-17,3300.3,3390.4,527370
2022-06-20,3270.95,3399.9,364703
2022-06-21,3375.05,3472.85,223641
2022-06-22,3386.2,3454.9,170854
2022-06-23,3390.5,3447.85,351311
2022-06-24,3429.0,3504.95,301133
2022-06-27,3447.25,3505.95,419730
2022-06-28,3388.05,3469.9,182574
2022-06-29,3360.0,3455.6,374478
2022-06-30,3380.0,3483.15,479308
2022-07-01,3412.0,3600.0,292487
2022-07-04,3575.0,3713.45,614359
2022-07-05,3636.0,3714.0,612519
2022-07-06,3642.25,3840.9,1043070
2022-07-07,3799.85,3882.1,519620
2022-07-08,3792.5,3850.95,379513
2022-07-11,3780.0,3840.4,208602
2022-07-12,3716.15,3787.85,283587
2022-07-13,3712.1,3762.1,164377
2022-07-14,3713.05,3789.0,265732
2022-07-15,3779.1,3862.8,660790
2022-07-18,3759.0,3880.0,455399
2022-07-19,3742.3,3797.1,228968
2022-07-20,3793.85,3849.0,440495
2022-07-21,3821.0,3865.75,282104
2022-07-22,3843.65,3929.0,433423
2022-07-25,3850.0,3915.0,290157
2022-07-26,3795.5,3900.0,267527
2022-07-27,3781.15,3863.9,200264
2022-07-28,3836.4,3882.0,316008
2022-07-29,3876.9,3949.35,418970
2022-08-01,3838.2,3916.0,323129
2022-08-02,3758.1,3909.0,355859
2022-08-03,3726.05,3793.35,428088
2022-08-04,3726.0,3792.0,506667
2022-08-05,3678.85,3835.9,798850
2022-08-08,3612.8,3701.9,310094
2022-08-10,3624.05,3674.8,191222
2022-08-11,3632.2,3682.8,167070
2022-08-12,3607.65,3667.3,228587
2022-08-16,3675.0,3723.95,239514
2022-08-17,3681.15,3714.95,353941
2022-08-18,3681.05,3726.95,232262
2022-08-19,3642.45,3709.45,177955
2022-08-22,3635.05,3733.0,366371
2022-08-23,3638.0,3704.95,189150
2022-08-24,3636.45,3688.0,187721
2022-08-25,3640.0,3678.2,208578
2022-08-26,3627.1,3668.0,220796
2022-08-29,3585.25,3730.0,525684
2022-08-30,3717.0,3766.15,467342
2022-09-01,3672.1,3745.4,314888
2022-09-02,3700.0,3758.9,202152
2022-09-05,3658.1,3715.0,234232
2022-09-06,3595.0,3692.6,390746
2022-09-07,3588.0,3674.8,287734
2022-09-08,3632.9,3687.0,384831
2022-09-09,3641.85,3700.0,134487
2022-09-12,3640.2,3697.95,212688
2022-09-13,3665.0,3765.0,398871
2022-09-14,3708.0,3761.7,389253
2022-09-15,3713.05,3789.0,311462
2022-09-16,3621.1,3741.4,559137
2022-09-19,3564.1,3642.15,211795
2022-09-20,3602.0,3665.0,346604
2022-09-21,3637.0,3789.0,773841
2022-09-22,3751.0,3835.45,687172
2022-09-23,3782.35,3842.8,326581
2022-09-26,3775.5,3827.85,626882
2022-09-27,3800.0,3889.8,584760
2022-09-28,3795.6,3868.0,364917
2022-09-29,3810.0,3873.0,450207
2022-09-30,3820.05,3887.65,309896
2022-10-03,3753.8,3878.2,251830
2022-10-04,3775.55,3826.65,153835
2022-10-06,3760.7,3847.65,308216
2022-10-07,3732.25,3795.0,318472
2022-10-10,3717.0,3812.0,185199
2022-10-11,3718.0,3820.7,202644
2022-10-12,3726.35,3774.4,271156
2022-10-13,3748.9,3794.0,156770
2022-10-14,3769.25,3814.9,350141
2022-10-17,3752.55,3801.9,93315
2022-10-18,3748.6,3804.95,189866
2022-10-19,3742.0,3789.5,182278
2022-10-20,3747.65,3802.9,230082
2022-10-21,3761.6,3814.55,404955
2022-10-24,3712.0,3835.6,32851
2022-10-25,3690.0,3804.9,228569
2022-10-27,3701.3,3769.9,317971
2022-10-28,3732.0,3792.0,215005
2022-10-31,3739.35,3800.0,198318
2022-11-01,3755.05,3808.6,338873
2022-11-02,3714.3,3794.4,185469
2022-11-03,3705.45,3760.55,140994
2022-11-04,3746.15,3814.95,258490
